epoch,time,train/giou_loss,train/cls_loss,train/l1_loss,metrics/precision(B),metrics/recall(B),metrics/mAP50(B),metrics/mAP50-95(B),val/giou_loss,val/cls_loss,val/l1_loss,lr/pg0,lr/pg1,lr/pg2,model,dataset_size,train/box_loss,train/dfl_loss,val/box_loss,val/dfl_loss
1,28.2606,0.76578,9.98588,0.48292,0.0026,0.72209,0.00225,0.00108,0.76025,15.753,0.43639,3e-05,3e-05,0.09703,rtdetr-l,50,,,,
2,42.2544,0.84935,11.3261,0.49406,0.00258,0.71815,0.00222,0.00108,0.76194,15.7102,0.43885,6.82675e-05,6.82675e-05,0.0930683,rtdetr-l,50,,,,
3,54.7741,1.67407,2.48444,1.85237,0.0001,0.02705,5e-05,1e-05,2.07824,0.22476,1.90814,0.000104555,0.000104555,0.0891046,rtdetr-l,50,,,,
4,67.8388,1.59656,0.72681,1.17173,0.00029,0.07969,0.00059,0.00018,1.80154,0.33835,2.36908,0.000138863,0.000138863,0.0851389,rtdetr-l,50,,,,
5,80.6864,1.75315,0.6573,0.98662,0.00023,0.06394,0.00029,7e-05,2.31813,0.22057,2.89935,0.00017119,0.00017119,0.0811712,rtdetr-l,50,,,,
6,93.6459,1.18522,1.17146,0.70019,0.00042,0.11658,0.01039,0.00186,2.2553,0.30881,2.71932,0.000201537,0.000201537,0.0772015,rtdetr-l,50,,,,
7,107.113,1.53052,0.65438,0.88612,0.00045,0.12494,0.00291,0.00058,1.98804,0.31834,2.40002,0.000229905,0.000229905,0.0732299,rtdetr-l,50,,,,
8,119.923,1.41691,0.63161,0.80583,0.00041,0.11313,0.00169,0.00021,1.89642,0.44981,1.92651,0.000256292,0.000256292,0.0692563,rtdetr-l,50,,,,
9,132.825,1.3036,0.8047,0.83908,0.00084,0.23266,0.00901,0.00148,1.61999,0.79673,1.40035,0.0002807,0.0002807,0.0652807,rtdetr-l,50,,,,
10,145.72,0.93682,1.08325,0.39475,0.00042,0.11608,0.001,0.00022,1.80238,0.64068,1.33294,0.000303127,0.000303127,0.0613031,rtdetr-l,50,,,,
11,158.743,1.59332,0.60109,0.67811,0.0001,0.02755,0.00021,7e-05,2.09654,0.33091,1.61026,0.000323575,0.000323575,0.0573236,rtdetr-l,50,,,,
12,172.314,1.2768,0.7015,0.60549,0.0003,0.0846,0.00216,0.00031,1.71188,0.3519,1.58292,0.000342042,0.000342042,0.053342,rtdetr-l,50,,,,
13,185.544,0.92834,0.98972,0.50282,0.00049,0.13527,0.0021,0.00036,1.65376,0.39083,1.36219,0.00035853,0.00035853,0.0493585,rtdetr-l,50,,,,
14,198.475,1.15531,0.76036,0.4586,0.0006,0.16576,0.0026,0.00049,1.60921,0.42439,1.22932,0.000373038,0.000373038,0.045373,rtdetr-l,50,,,,
15,211.448,0.95705,0.95098,0.46081,0.00188,0.52336,0.04276,0.01176,1.16431,0.82835,0.96056,0.000385565,0.000385565,0.0413856,rtdetr-l,50,,,,
16,224.965,0.64309,1.33439,0.29892,0.00237,0.66011,0.06047,0.02396,0.9835,1.04667,0.88713,0.000396113,0.000396113,0.0373961,rtdetr-l,50,,,,
17,238.141,0.47581,1.55598,0.22881,0.00247,0.68618,0.06191,0.02528,0.94895,1.07848,0.84462,0.00040468,0.00040468,0.0334047,rtdetr-l,50,,,,
18,251.398,0.6135,1.36242,0.23439,0.00226,0.62666,0.04984,0.01776,1.01897,1.09491,0.90222,0.000411267,0.000411267,0.0294113,rtdetr-l,50,,,,
19,264.431,0.59352,1.47928,0.25139,0.00562,0.62814,0.0433,0.01494,1.01543,1.21844,0.93318,0.000415875,0.000415875,0.0254159,rtdetr-l,50,,,,
20,277.812,0.82892,1.23096,0.32874,0.0153,0.56911,0.03773,0.01176,1.02354,1.30128,0.89972,0.000418503,0.000418503,0.0214185,rtdetr-l,50,,,,
21,290.964,0.75672,1.49384,0.34551,0.02426,0.47713,0.03219,0.01198,0.88874,1.3679,0.61814,0.00041915,0.00041915,0.0174191,rtdetr-l,50,,,,
22,304.186,0.57383,1.49169,0.29983,0.02777,0.52927,0.03805,0.01785,0.74806,1.4187,0.48049,0.000417818,0.000417818,0.0134178,rtdetr-l,50,,,,
23,317.45,0.70496,1.33687,0.21809,0.03262,0.55288,0.04333,0.02092,0.68588,1.41497,0.42608,0.000414505,0.000414505,0.0094145,rtdetr-l,50,,,,
24,330.932,0.63843,1.25754,0.21503,0.03859,0.54648,0.04689,0.02211,0.67024,1.37501,0.40051,0.000409213,0.000409213,0.00540921,rtdetr-l,50,,,,
25,344.482,0.63765,1.24691,0.25359,0.047,0.51795,0.04941,0.02243,0.67349,1.3274,0.38883,0.00040194,0.00040194,0.00140194,rtdetr-l,50,,,,
26,357.783,0.56796,1.29159,0.24815,0.05599,0.47565,0.05149,0.02387,0.66929,1.3044,0.37593,0.00038125,0.00038125,0.00038125,rtdetr-l,50,,,,
27,371.359,0.52097,1.29496,0.16787,0.06242,0.43286,0.05285,0.02526,0.66922,1.28124,0.37439,0.0003565,0.0003565,0.0003565,rtdetr-l,50,,,,
28,384.997,0.46416,1.38831,0.20053,0.06488,0.40482,0.05431,0.02716,0.64222,1.28599,0.3616,0.00033175,0.00033175,0.00033175,rtdetr-l,50,,,,
29,399.019,0.58812,1.24678,0.22118,0.06528,0.40236,0.05721,0.02999,0.59392,1.30949,0.34055,0.000307,0.000307,0.000307,rtdetr-l,50,,,,
30,412.654,0.64994,1.15633,0.28034,0.06178,0.41909,0.05496,0.0296,0.56433,1.32216,0.32947,0.00028225,0.00028225,0.00028225,rtdetr-l,50,,,,
31,427.211,0.32342,1.64273,0.16502,0.05797,0.43532,0.05553,0.02844,0.56676,1.30644,0.32594,0.0002575,0.0002575,0.0002575,rtdetr-l,50,,,,
32,440.877,0.32358,1.62149,0.16561,0.05538,0.43728,0.05572,0.02718,0.56701,1.29459,0.31348,0.00023275,0.00023275,0.00023275,rtdetr-l,50,,,,
33,454.688,0.39457,1.51175,0.14381,0.05308,0.43286,0.0562,0.02701,0.55321,1.30133,0.30548,0.000208,0.000208,0.000208,rtdetr-l,50,,,,
34,468.099,0.40012,1.52389,0.13236,0.05124,0.43089,0.05562,0.02789,0.52599,1.32347,0.28749,0.00018325,0.00018325,0.00018325,rtdetr-l,50,,,,
35,481.437,0.36084,1.5354,0.17895,0.04934,0.4304,0.05216,0.02735,0.50357,1.34127,0.27306,0.0001585,0.0001585,0.0001585,rtdetr-l,50,,,,
36,494.881,0.37814,1.51531,0.27137,0.04745,0.42007,0.05211,0.02727,0.4889,1.35348,0.26341,0.00013375,0.00013375,0.00013375,rtdetr-l,50,,,,
37,508.226,0.28691,1.63234,0.123,0.04571,0.41072,0.05156,0.02754,0.47874,1.36081,0.25889,0.000109,0.000109,0.000109,rtdetr-l,50,,,,
38,521.965,0.31118,1.62481,0.22934,0.04531,0.4063,0.05176,0.02759,0.47508,1.36302,0.25492,8.425e-05,8.425e-05,8.425e-05,rtdetr-l,50,,,,
39,535.296,0.29668,1.57864,0.11786,0.04645,0.40384,0.0538,0.02828,0.47196,1.36516,0.25354,5.95e-05,5.95e-05,5.95e-05,rtdetr-l,50,,,,
40,548.725,0.35343,1.48981,0.11801,0.04702,0.39941,0.05427,0.02867,0.4683,1.36934,0.25143,3.475e-05,3.475e-05,3.475e-05,rtdetr-l,50,,,,
1,20.5136,0.74706,12.5588,0.39672,0.00257,0.71569,0.00221,0.00107,0.77051,15.781,0.44366,6e-05,6e-05,0.09406,rtdetr-l,100,,,,
2,35.7122,1.50488,1.84995,1.13968,0.0007,0.19331,0.00131,0.00025,1.61816,0.50711,1.45379,0.000126783,0.000126783,0.0871268,rtdetr-l,100,,,,
3,49.9041,1.53035,0.6475,1.02508,0.00013,0.03542,7e-05,1e-05,2.60007,0.13693,2.24447,0.0001901,0.0001901,0.0801901,rtdetr-l,100,,,,
4,64.0929,1.53216,0.59115,0.86524,0.00037,0.1028,0.00287,0.00046,1.78961,0.56154,1.67099,0.000249953,0.000249953,0.07325,rtdetr-l,100,,,,
5,78.226,1.07918,0.89099,0.66788,0.00066,0.18298,0.01161,0.00166,1.5032,0.72627,1.23691,0.00030634,0.00030634,0.0663063,rtdetr-l,100,,,,
6,92.8654,1.01088,0.965,0.56295,0.00138,0.38269,0.02858,0.00571,1.2284,0.73026,1.07792,0.000359262,0.000359262,0.0593593,rtdetr-l,100,,,,
7,107.29,0.93807,0.93341,0.46266,0.00276,0.76734,0.06941,0.01967,0.86075,1.10678,0.6561,0.00040872,0.00040872,0.0524087,rtdetr-l,100,,,,
8,122.028,0.619,1.27941,0.32985,0.00331,0.91884,0.08687,0.03563,0.58832,1.51897,0.34349,0.000454713,0.000454713,0.0454547,rtdetr-l,100,,,,
9,136.68,0.66319,1.38755,0.34517,0.01158,0.85588,0.09602,0.0359,0.63214,1.59553,0.31383,0.00049724,0.00049724,0.0384972,rtdetr-l,100,,,,
10,151.332,0.56948,1.31371,0.28713,0.0236,0.86129,0.09631,0.03394,0.61931,1.34145,0.32652,0.000536303,0.000536303,0.0315363,rtdetr-l,100,,,,
11,165.997,0.61772,1.17632,0.32736,0.03973,0.65175,0.08482,0.02945,0.75169,1.08054,0.46364,0.0005719,0.0005719,0.0245719,rtdetr-l,100,,,,
12,180.906,0.58495,1.10624,0.27576,0.05771,0.54697,0.06273,0.02807,0.55077,1.24452,0.28976,0.000604033,0.000604033,0.017604,rtdetr-l,100,,,,
13,195.733,0.48841,1.28788,0.26307,0.06007,0.53074,0.06108,0.02863,0.5842,1.33049,0.34911,0.0006327,0.0006327,0.0106327,rtdetr-l,100,,,,
14,210.351,0.49527,1.2877,0.28469,0.07273,0.46631,0.06433,0.0318,0.62778,1.20442,0.45537,0.000657903,0.000657903,0.0036579,rtdetr-l,100,,,,
15,225.169,0.50397,1.16262,0.30164,0.05873,0.45155,0.05628,0.02761,0.55789,1.20246,0.36238,0.0006535,0.0006535,0.0006535,rtdetr-l,100,,,,
16,239.687,0.43947,1.25239,0.30856,0.04333,0.42843,0.04589,0.02329,0.51726,1.37162,0.28832,0.00062875,0.00062875,0.00062875,rtdetr-l,100,,,,
17,254.158,0.43508,1.41061,0.19605,0.04055,0.45647,0.0433,0.02259,0.50777,1.50022,0.28696,0.000604,0.000604,0.000604,rtdetr-l,100,,,,
18,268.592,0.45977,1.3321,0.23532,0.04129,0.49041,0.04376,0.0246,0.49463,1.34284,0.27942,0.00057925,0.00057925,0.00057925,rtdetr-l,100,,,,
19,283.153,0.43402,1.27496,0.21855,0.03644,0.54009,0.0416,0.02412,0.44998,1.35709,0.23628,0.0005545,0.0005545,0.0005545,rtdetr-l,100,,,,
20,297.968,0.44411,1.27073,0.20942,0.03341,0.58633,0.04073,0.02424,0.46054,1.3786,0.23654,0.00052975,0.00052975,0.00052975,rtdetr-l,100,,,,
21,312.413,0.40764,1.35393,0.2025,0.03404,0.61338,0.04217,0.02505,0.47225,1.3965,0.24209,0.000505,0.000505,0.000505,rtdetr-l,100,,,,
22,326.906,0.38282,1.35841,0.18486,0.04344,0.66265,0.05324,0.03047,0.50758,1.39812,0.29642,0.00048025,0.00048025,0.00048025,rtdetr-l,100,,,,
23,341.351,0.39493,1.39108,0.21932,0.03604,0.74766,0.05333,0.03274,0.49237,1.49739,0.31145,0.0004555,0.0004555,0.0004555,rtdetr-l,100,,,,
24,356.161,0.42075,1.33429,0.1563,0.03761,0.76144,0.05444,0.03025,0.46687,1.3559,0.28049,0.00043075,0.00043075,0.00043075,rtdetr-l,100,,,,
25,370.546,0.38427,1.29311,0.18333,0.03974,0.72996,0.05058,0.02667,0.45676,1.30161,0.25766,0.000406,0.000406,0.000406,rtdetr-l,100,,,,
26,385.628,0.41111,1.26851,0.18852,0.04188,0.69405,0.05345,0.02524,0.47128,1.27801,0.24266,0.00038125,0.00038125,0.00038125,rtdetr-l,100,,,,
27,400.524,0.38085,1.32966,0.20798,0.03983,0.65076,0.04805,0.02604,0.45199,1.32851,0.22935,0.0003565,0.0003565,0.0003565,rtdetr-l,100,,,,
28,415.441,0.42151,1.33057,0.17332,0.04215,0.6124,0.04784,0.025,0.45341,1.31902,0.23167,0.00033175,0.00033175,0.00033175,rtdetr-l,100,,,,
29,429.99,0.34638,1.43387,0.174,0.04388,0.57698,0.0478,0.02445,0.46321,1.30113,0.24706,0.000307,0.000307,0.000307,rtdetr-l,100,,,,
30,444.56,0.35147,1.29717,0.1423,0.04838,0.54156,0.04903,0.02582,0.47776,1.28757,0.27472,0.00028225,0.00028225,0.00028225,rtdetr-l,100,,,,
31,460.099,0.25294,1.51928,0.10656,0.05331,0.55829,0.05471,0.02972,0.47902,1.26618,0.27621,0.0002575,0.0002575,0.0002575,rtdetr-l,100,,,,
32,475.261,0.24404,1.49626,0.12077,0.05096,0.6001,0.05758,0.0344,0.46629,1.2693,0.24731,0.00023275,0.00023275,0.00023275,rtdetr-l,100,,,,
33,489.736,0.25679,1.51064,0.1143,0.05124,0.58141,0.05829,0.03442,0.46154,1.27075,0.24382,0.000208,0.000208,0.000208,rtdetr-l,100,,,,
34,504.348,0.25604,1.49128,0.11183,0.05002,0.55091,0.05414,0.03444,0.45333,1.27493,0.23343,0.00018325,0.00018325,0.00018325,rtdetr-l,100,,,,
35,518.753,0.26856,1.46673,0.11014,0.04872,0.52976,0.05539,0.03593,0.45048,1.27225,0.23085,0.0001585,0.0001585,0.0001585,rtdetr-l,100,,,,
36,533.506,0.20587,1.50572,0.09474,0.04603,0.55239,0.05263,0.03336,0.43333,1.29094,0.2276,0.00013375,0.00013375,0.00013375,rtdetr-l,100,,,,
37,548.368,0.21421,1.48276,0.09581,0.04465,0.56222,0.04723,0.02978,0.42697,1.3051,0.22517,0.000109,0.000109,0.000109,rtdetr-l,100,,,,
38,562.96,0.21693,1.52053,0.09962,0.04301,0.5778,0.04955,0.03055,0.41936,1.32399,0.22319,8.425e-05,8.425e-05,8.425e-05,rtdetr-l,100,,,,
39,577.77,0.28959,1.44144,0.10844,0.04193,0.57747,0.04877,0.02983,0.41406,1.34198,0.21757,5.95e-05,5.95e-05,5.95e-05,rtdetr-l,100,,,,
40,592.855,0.20995,1.5169,0.0762,0.04174,0.57846,0.04902,0.03035,0.41224,1.34832,0.21516,3.475e-05,3.475e-05,3.475e-05,rtdetr-l,100,,,,
1,21.3487,1.17498,6.05279,0.85259,0.00017,0.0482,0.00013,2e-05,2.05054,0.28888,2.00061,0.00012,0.00012,0.08812,rtdetr-l,200,,,,
2,39.2219,0.99317,1.25977,0.68168,0.00154,0.42745,0.09268,0.03005,1.44378,0.88251,1.49812,0.000243812,0.000243812,0.0752438,rtdetr-l,200,,,,
3,55.7932,0.80187,1.41743,0.43477,0.00214,0.59616,0.02319,0.00666,1.08871,1.01412,1.00463,0.00036119,0.00036119,0.0623612,rtdetr-l,200,,,,
4,72.3344,0.86085,1.02993,0.42746,0.00283,0.78652,0.08098,0.02745,0.75742,1.2487,0.453,0.000472133,0.000472133,0.0494721,rtdetr-l,200,,,,
5,88.7189,0.6125,1.3212,0.32347,0.00263,0.72996,0.06803,0.02499,0.82817,1.1795,0.66977,0.00057664,0.00057664,0.0365766,rtdetr-l,200,,,,
6,105.716,0.57078,1.45623,0.30948,0.01596,0.85637,0.05335,0.02311,0.58758,1.73405,0.30125,0.000674713,0.000674713,0.0236747,rtdetr-l,200,,,,
7,122.378,0.47809,1.41253,0.25879,0.02477,0.79685,0.05964,0.03,0.60113,1.39507,0.37718,0.00076635,0.00076635,0.0107663,rtdetr-l,200,,,,
8,139.172,0.53573,1.27333,0.27417,0.04319,0.53615,0.04084,0.02192,0.49923,1.41235,0.27157,0.00082675,0.00082675,0.00082675,rtdetr-l,200,,,,
9,156.11,0.47579,1.37042,0.22974,0.03915,0.45007,0.04262,0.02325,0.43793,1.58075,0.22293,0.000802,0.000802,0.000802,rtdetr-l,200,,,,
10,173.63,0.46981,1.33323,0.20194,0.04853,0.38465,0.05808,0.02826,0.42154,1.40276,0.21504,0.00077725,0.00077725,0.00077725,rtdetr-l,200,,,,
11,190.344,0.41317,1.38264,0.20475,0.04182,0.48942,0.04851,0.02591,0.44319,1.40944,0.20146,0.0007525,0.0007525,0.0007525,rtdetr-l,200,,,,
12,207.171,0.48179,1.322,0.21989,0.05008,0.46631,0.07804,0.04149,0.42831,1.35342,0.19432,0.00072775,0.00072775,0.00072775,rtdetr-l,200,,,,
13,224.033,0.41703,1.28533,0.18243,0.05101,0.46877,0.10449,0.04988,0.44812,1.39598,0.21036,0.000703,0.000703,0.000703,rtdetr-l,200,,,,
14,241.369,0.39974,1.34518,0.18805,0.07805,0.37973,0.08157,0.03526,0.42499,1.40738,0.21,0.00067825,0.00067825,0.00067825,rtdetr-l,200,,,,
15,258.39,0.38392,1.33482,0.17358,0.07811,0.41417,0.07427,0.03843,0.39963,1.48482,0.20182,0.0006535,0.0006535,0.0006535,rtdetr-l,200,,,,
16,275.37,0.37319,1.36406,0.18144,0.07471,0.3474,0.06423,0.03231,0.3959,1.47706,0.19419,0.00062875,0.00062875,0.00062875,rtdetr-l,200,,,,
17,292.196,0.38201,1.31198,0.16647,0.0473,0.5032,0.05804,0.03105,0.40819,1.61343,0.20864,0.000604,0.000604,0.000604,rtdetr-l,200,,,,
18,308.834,0.34062,1.36797,0.16802,0.04882,0.46975,0.05588,0.03418,0.41345,1.37292,0.19841,0.00057925,0.00057925,0.00057925,rtdetr-l,200,,,,
19,325.878,0.34669,1.29799,0.14192,0.05238,0.5696,0.07274,0.04135,0.39072,1.49188,0.2027,0.0005545,0.0005545,0.0005545,rtdetr-l,200,,,,
20,342.653,0.33459,1.40693,0.16402,0.06401,0.49729,0.0703,0.03883,0.38702,1.34659,0.1843,0.00052975,0.00052975,0.00052975,rtdetr-l,200,,,,
21,359.792,0.34768,1.26002,0.146,0.06193,0.55288,0.07595,0.04742,0.39427,1.39127,0.19133,0.000505,0.000505,0.000505,rtdetr-l,200,,,,
22,377.162,0.33199,1.37058,0.15429,0.06153,0.57214,0.08129,0.05193,0.40036,1.43751,0.1903,0.00048025,0.00048025,0.00048025,rtdetr-l,200,,,,
23,394.532,0.36163,1.24541,0.16716,0.09607,0.51549,0.0998,0.05245,0.43556,1.23105,0.21979,0.0004555,0.0004555,0.0004555,rtdetr-l,200,,,,
24,411.437,0.34975,1.22802,0.15592,0.07577,0.51156,0.08976,0.0496,0.44647,1.3317,0.22849,0.00043075,0.00043075,0.00043075,rtdetr-l,200,,,,
25,428.143,0.32071,1.30987,0.15466,0.07533,0.46975,0.07251,0.03944,0.45534,1.31578,0.21988,0.000406,0.000406,0.000406,rtdetr-l,200,,,,
26,444.82,0.30504,1.27586,0.1331,0.07731,0.4668,0.07746,0.04622,0.44156,1.34749,0.22732,0.00038125,0.00038125,0.00038125,rtdetr-l,200,,,,
27,461.552,0.32182,1.27747,0.13781,0.07996,0.44761,0.0796,0.04659,0.42993,1.29608,0.22449,0.0003565,0.0003565,0.0003565,rtdetr-l,200,,,,
28,478.814,0.35719,1.17083,0.16616,0.09669,0.4727,0.11397,0.06817,0.43235,1.30733,0.23046,0.00033175,0.00033175,0.00033175,rtdetr-l,200,,,,
29,495.792,0.35529,1.17839,0.16531,0.13623,0.44073,0.13934,0.08764,0.42195,1.16232,0.21617,0.000307,0.000307,0.000307,rtdetr-l,200,,,,
30,512.785,0.34176,1.04378,0.14662,0.14719,0.47418,0.1441,0.09288,0.43399,1.11419,0.22367,0.00028225,0.00028225,0.00028225,rtdetr-l,200,,,,
31,530.874,0.30111,1.1046,0.14091,0.21804,0.4786,0.20646,0.13389,0.44451,1.02097,0.22914,0.0002575,0.0002575,0.0002575,rtdetr-l,200,,,,
32,548.828,0.28191,0.97916,0.13138,0.18703,0.42745,0.17803,0.11368,0.45299,1.20315,0.2497,0.00023275,0.00023275,0.00023275,rtdetr-l,200,,,,
33,566.283,0.28363,1.23529,0.13624,0.23032,0.37629,0.2136,0.14045,0.45497,1.14301,0.24848,0.000208,0.000208,0.000208,rtdetr-l,200,,,,
34,584.119,0.27797,0.98834,0.12131,0.35552,0.35219,0.29259,0.1929,0.46715,0.99078,0.24141,0.00018325,0.00018325,0.00018325,rtdetr-l,200,,,,
35,601.114,0.35214,0.91055,0.16372,0.34951,0.46805,0.32444,0.19827,0.48545,0.95276,0.24381,0.0001585,0.0001585,0.0001585,rtdetr-l,200,,,,
36,618.03,0.322,0.97868,0.14065,0.33048,0.52104,0.3188,0.19449,0.46339,0.99272,0.23505,0.00013375,0.00013375,0.00013375,rtdetr-l,200,,,,
37,635.116,0.27906,0.99743,0.13034,0.34074,0.51303,0.34045,0.20818,0.45723,0.97161,0.24675,0.000109,0.000109,0.000109,rtdetr-l,200,,,,
38,652.051,0.29068,0.99869,0.14028,0.35096,0.55239,0.35289,0.21434,0.4546,0.92813,0.24242,8.425e-05,8.425e-05,8.425e-05,rtdetr-l,200,,,,
39,668.92,0.28557,0.91935,0.13044,0.38743,0.55252,0.38628,0.23658,0.45048,0.87677,0.23764,5.95e-05,5.95e-05,5.95e-05,rtdetr-l,200,,,,
40,685.944,0.2965,0.82183,0.13589,0.42611,0.58534,0.43049,0.26758,0.44181,0.82763,0.23052,3.475e-05,3.475e-05,3.475e-05,rtdetr-l,200,,,,
1,40.3974,1.18583,3.14863,0.87919,0.00187,0.52041,0.03661,0.00733,1.17135,2.00063,0.78662,0.00031,0.00031,0.06931,rtdetr-l,500,,,,
2,65.4487,0.88209,1.24584,0.40188,0.00246,0.68323,0.03563,0.01257,0.87672,1.09008,0.41215,0.000614408,0.000614408,0.0376144,rtdetr-l,500,,,,
3,89.5259,0.60241,1.39681,0.27379,0.03195,0.55829,0.06376,0.02587,0.61859,1.34535,0.35665,0.000902975,0.000902975,0.00590297,rtdetr-l,500,,,,
4,113.564,0.52071,1.35415,0.2294,0.12324,0.52484,0.11146,0.05314,0.66623,1.20588,0.52974,0.00092575,0.00092575,0.00092575,rtdetr-l,500,,,,
5,137.479,0.46473,1.40154,0.20344,0.18941,0.47565,0.15536,0.07063,0.57199,1.20575,0.34903,0.000901,0.000901,0.000901,rtdetr-l,500,,,,
6,161.767,0.45186,1.35457,0.19355,0.10814,0.47909,0.09841,0.0469,0.52219,1.19126,0.31594,0.00087625,0.00087625,0.00087625,rtdetr-l,500,,,,
7,185.609,0.40627,1.35294,0.16828,0.0695,0.42561,0.07041,0.03441,0.4277,1.36262,0.21255,0.0008515,0.0008515,0.0008515,rtdetr-l,500,,,,
8,209.431,0.4052,1.35178,0.1786,0.05461,0.41859,0.05991,0.03419,0.35226,1.48761,0.16603,0.00082675,0.00082675,0.00082675,rtdetr-l,500,,,,
9,233.242,0.41801,1.2889,0.17424,0.06407,0.46286,0.0729,0.04244,0.39706,1.46122,0.18321,0.000802,0.000802,0.000802,rtdetr-l,500,,,,
10,257.683,0.40818,1.2895,0.1627,0.07454,0.51353,0.08798,0.04618,0.41102,1.43847,0.2119,0.00077725,0.00077725,0.00077725,rtdetr-l,500,,,,
11,281.417,0.4118,1.19732,0.16065,0.15111,0.44122,0.15334,0.08991,0.43723,1.17306,0.21071,0.0007525,0.0007525,0.0007525,rtdetr-l,500,,,,
12,305.569,0.42803,1.08011,0.18291,0.43207,0.44607,0.396,0.23912,0.46427,0.95767,0.25072,0.00072775,0.00072775,0.00072775,rtdetr-l,500,,,,
13,329.422,0.43553,0.87558,0.1816,0.48276,0.57944,0.48547,0.29496,0.43854,0.83921,0.22342,0.000703,0.000703,0.000703,rtdetr-l,500,,,,
14,353.665,0.4645,0.79367,0.22372,0.58929,0.55829,0.58292,0.33647,0.44988,0.82474,0.22099,0.00067825,0.00067825,0.00067825,rtdetr-l,500,,,,
15,377.46,0.45685,0.85365,0.20444,0.67842,0.64043,0.67632,0.36238,0.50405,0.73474,0.27039,0.0006535,0.0006535,0.0006535,rtdetr-l,500,,,,
16,401.352,0.46909,0.69205,0.19861,0.7626,0.77767,0.77657,0.42046,0.48632,0.63196,0.26239,0.00062875,0.00062875,0.00062875,rtdetr-l,500,,,,
17,425.229,0.49135,0.5967,0.22482,0.69165,0.79292,0.76429,0.43504,0.47666,0.58197,0.26505,0.000604,0.000604,0.000604,rtdetr-l,500,,,,
18,449.599,0.48036,0.59915,0.22228,0.74243,0.7575,0.77821,0.46975,0.46486,0.69169,0.25872,0.00057925,0.00057925,0.00057925,rtdetr-l,500,,,,
19,473.505,0.45116,0.58737,0.20588,0.72476,0.75254,0.77978,0.46985,0.45684,0.60283,0.23778,0.0005545,0.0005545,0.0005545,rtdetr-l,500,,,,
20,497.254,0.45153,0.57755,0.20808,0.79373,0.80817,0.82625,0.49744,0.4385,0.57372,0.23359,0.00052975,0.00052975,0.00052975,rtdetr-l,500,,,,
21,521.07,0.42935,0.66941,0.18305,0.76336,0.81653,0.80265,0.48486,0.45159,0.59042,0.24199,0.000505,0.000505,0.000505,rtdetr-l,500,,,,
22,545.165,0.44685,0.58194,0.20326,0.78249,0.80964,0.7904,0.48795,0.43794,0.58675,0.24743,0.00048025,0.00048025,0.00048025,rtdetr-l,500,,,,
23,568.898,0.43197,0.5457,0.20689,0.79113,0.81997,0.80929,0.49842,0.43508,0.56149,0.23946,0.0004555,0.0004555,0.0004555,rtdetr-l,500,,,,
24,593.511,0.41143,0.5761,0.1986,0.81946,0.79193,0.81097,0.49571,0.42706,0.6112,0.23928,0.00043075,0.00043075,0.00043075,rtdetr-l,500,,,,
25,617.212,0.42597,0.64906,0.20454,0.77267,0.82391,0.8026,0.4853,0.44354,0.5996,0.23679,0.000406,0.000406,0.000406,rtdetr-l,500,,,,
26,641.425,0.43246,0.59048,0.21933,0.78457,0.82095,0.80683,0.49274,0.43747,0.56399,0.24007,0.00038125,0.00038125,0.00038125,rtdetr-l,500,,,,
27,665.301,0.42457,0.53289,0.18355,0.74927,0.83343,0.76621,0.46887,0.44576,0.60181,0.25222,0.0003565,0.0003565,0.0003565,rtdetr-l,500,,,,
28,689.015,0.40566,0.54412,0.18176,0.751,0.83817,0.75975,0.46318,0.44219,0.57493,0.23286,0.00033175,0.00033175,0.00033175,rtdetr-l,500,,,,
29,712.813,0.40549,0.5674,0.18778,0.69355,0.85735,0.74943,0.46739,0.42971,0.55319,0.23231,0.000307,0.000307,0.000307,rtdetr-l,500,,,,
30,736.965,0.40401,0.52221,0.1783,0.7378,0.87457,0.78692,0.49129,0.42322,0.54103,0.23527,0.00028225,0.00028225,0.00028225,rtdetr-l,500,,,,
31,761.822,0.36062,0.43991,0.15148,0.75192,0.87408,0.81452,0.51537,0.4161,0.52467,0.23014,0.0002575,0.0002575,0.0002575,rtdetr-l,500,,,,
32,785.704,0.34506,0.43378,0.14587,0.80876,0.86867,0.82781,0.52097,0.41515,0.5375,0.23125,0.00023275,0.00023275,0.00023275,rtdetr-l,500,,,,
33,809.898,0.3381,0.41809,0.14899,0.81282,0.88195,0.84013,0.52603,0.41963,0.50372,0.23813,0.000208,0.000208,0.000208,rtdetr-l,500,,,,
34,833.733,0.32958,0.40642,0.13257,0.85157,0.88096,0.84828,0.53659,0.41433,0.49163,0.24141,0.00018325,0.00018325,0.00018325,rtdetr-l,500,,,,
35,857.554,0.3302,0.3818,0.13469,0.86048,0.87063,0.86312,0.54099,0.41732,0.49234,0.23686,0.0001585,0.0001585,0.0001585,rtdetr-l,500,,,,
36,881.686,0.331,0.38353,0.15006,0.87061,0.88036,0.87509,0.55382,0.41392,0.47695,0.2314,0.00013375,0.00013375,0.00013375,rtdetr-l,500,,,,
37,905.563,0.31766,0.37092,0.12434,0.85271,0.89621,0.87122,0.55439,0.41005,0.46519,0.23409,0.000109,0.000109,0.000109,rtdetr-l,500,,,,
38,929.744,0.30153,0.37144,0.1199,0.84717,0.89523,0.85905,0.54624,0.41563,0.45874,0.23529,8.425e-05,8.425e-05,8.425e-05,rtdetr-l,500,,,,
39,953.45,0.31133,0.38523,0.12183,0.83219,0.89523,0.83671,0.53476,0.41216,0.4724,0.24012,5.95e-05,5.95e-05,5.95e-05,rtdetr-l,500,,,,
40,977.073,0.29706,0.35594,0.11562,0.84764,0.88937,0.85407,0.54418,0.417,0.46217,0.24617,3.475e-05,3.475e-05,3.475e-05,rtdetr-l,500,,,,
1,54.3383,1.00646,1.72422,0.60992,0.05439,0.50812,0.05391,0.02327,0.75611,1.22494,0.46712,0.000329787,0.000329787,0.0673511,rtdetr-l,1500,,,,
2,103.153,0.55479,1.24959,0.26002,0.06463,0.42499,0.07681,0.02917,0.52232,1.54268,0.23591,0.000646708,0.000646708,0.0343347,rtdetr-l,1500,,,,
3,150.066,0.53617,1.1909,0.22956,0.06194,0.63256,0.08339,0.0531,0.37298,1.48043,0.17979,0.000947129,0.000947129,0.00130174,rtdetr-l,1500,,,,
4,196.586,0.45221,1.15361,0.20797,0.11959,0.46462,0.15598,0.09311,0.41573,1.19814,0.20286,0.00092575,0.00092575,0.00092575,rtdetr-l,1500,,,,
5,243.524,0.50053,0.89921,0.24646,0.56022,0.51129,0.48918,0.28158,0.4638,0.87263,0.23489,0.000901,0.000901,0.000901,rtdetr-l,1500,,,,
6,289.814,0.52556,0.67759,0.26788,0.69612,0.67721,0.73447,0.4191,0.47806,0.74605,0.27073,0.00087625,0.00087625,0.00087625,rtdetr-l,1500,,,,
7,336.48,0.53705,0.65934,0.26526,0.8705,0.62494,0.71861,0.42213,0.45104,0.83966,0.23893,0.0008515,0.0008515,0.0008515,rtdetr-l,1500,,,,
8,383.48,0.50165,0.66796,0.25823,0.84636,0.73192,0.7774,0.47029,0.44191,0.70941,0.24436,0.00082675,0.00082675,0.00082675,rtdetr-l,1500,,,,
9,429.774,0.49707,0.65843,0.26835,0.71615,0.7111,0.74971,0.44072,0.48135,0.65601,0.27214,0.000802,0.000802,0.000802,rtdetr-l,1500,,,,
10,475.776,0.47891,0.6749,0.24487,0.76389,0.63338,0.68336,0.39539,0.4381,0.78842,0.20929,0.00077725,0.00077725,0.00077725,rtdetr-l,1500,,,,
11,522.5,0.47501,0.6802,0.24522,0.80135,0.697,0.76391,0.43763,0.45874,0.70758,0.23354,0.0007525,0.0007525,0.0007525,rtdetr-l,1500,,,,
12,569.823,0.45621,0.62761,0.23377,0.78845,0.8667,0.81277,0.48901,0.44928,0.53722,0.254,0.00072775,0.00072775,0.00072775,rtdetr-l,1500,,,,
13,616.515,0.47187,0.6555,0.24336,0.80951,0.7816,0.81864,0.50298,0.43518,0.64788,0.23331,0.000703,0.000703,0.000703,rtdetr-l,1500,,,,
14,663.382,0.44509,0.65731,0.2243,0.83894,0.87628,0.84515,0.54223,0.40255,0.52564,0.21481,0.00067825,0.00067825,0.00067825,rtdetr-l,1500,,,,
15,710.076,0.42503,0.56206,0.21871,0.83121,0.85981,0.84998,0.54101,0.41104,0.53129,0.22243,0.0006535,0.0006535,0.0006535,rtdetr-l,1500,,,,
16,756.683,0.44005,0.57364,0.2169,0.83036,0.88361,0.84528,0.53736,0.41639,0.51085,0.22584,0.00062875,0.00062875,0.00062875,rtdetr-l,1500,,,,
17,803.556,0.42073,0.59388,0.20603,0.85884,0.85588,0.84849,0.5222,0.43454,0.52646,0.24297,0.000604,0.000604,0.000604,rtdetr-l,1500,,,,
18,850.013,0.43203,0.57064,0.21964,0.82442,0.87162,0.85844,0.54311,0.41499,0.48418,0.21999,0.00057925,0.00057925,0.00057925,rtdetr-l,1500,,,,
19,896.739,0.43811,0.56119,0.21444,0.76702,0.84407,0.83031,0.52618,0.40363,0.49734,0.21989,0.0005545,0.0005545,0.0005545,rtdetr-l,1500,,,,
20,943.379,0.42324,0.53891,0.20835,0.81655,0.86768,0.8563,0.5541,0.39592,0.49743,0.21824,0.00052975,0.00052975,0.00052975,rtdetr-l,1500,,,,
21,989.848,0.41919,0.53947,0.20806,0.88467,0.82735,0.86913,0.54446,0.39998,0.56932,0.20829,0.000505,0.000505,0.000505,rtdetr-l,1500,,,,
22,1035.94,0.41102,0.55111,0.19649,0.83048,0.93163,0.88348,0.56924,0.39796,0.4544,0.21713,0.00048025,0.00048025,0.00048025,rtdetr-l,1500,,,,
23,1082.74,0.40333,0.55165,0.19339,0.84691,0.88708,0.8701,0.55223,0.41384,0.51952,0.22048,0.0004555,0.0004555,0.0004555,rtdetr-l,1500,,,,
24,1128.92,0.39621,0.61262,0.18839,0.78532,0.89129,0.8123,0.53637,0.40615,0.51319,0.22025,0.00043075,0.00043075,0.00043075,rtdetr-l,1500,,,,
25,1175.14,0.39615,0.52931,0.20307,0.7251,0.83817,0.84566,0.55681,0.38689,0.51719,0.20266,0.000406,0.000406,0.000406,rtdetr-l,1500,,,,
26,1221.96,0.40355,0.52683,0.19659,0.79234,0.74127,0.79475,0.51745,0.39534,0.58615,0.20872,0.00038125,0.00038125,0.00038125,rtdetr-l,1500,,,,
27,1268.75,0.39634,0.50983,0.18573,0.79817,0.90457,0.86282,0.56401,0.39446,0.47021,0.21385,0.0003565,0.0003565,0.0003565,rtdetr-l,1500,,,,
28,1315.15,0.38659,0.52499,0.1798,0.75708,0.92179,0.83928,0.55784,0.39063,0.49021,0.21446,0.00033175,0.00033175,0.00033175,rtdetr-l,1500,,,,
29,1361.77,0.3939,0.49872,0.17565,0.8461,0.88736,0.87255,0.57069,0.39552,0.46802,0.21399,0.000307,0.000307,0.000307,rtdetr-l,1500,,,,
30,1408.32,0.37916,0.49364,0.18009,0.7958,0.90478,0.85685,0.56296,0.39424,0.46712,0.22063,0.00028225,0.00028225,0.00028225,rtdetr-l,1500,,,,
31,1455.71,0.33559,0.42537,0.16431,0.86355,0.90274,0.89939,0.59338,0.38206,0.43299,0.20483,0.0002575,0.0002575,0.0002575,rtdetr-l,1500,,,,
32,1502.55,0.33434,0.3852,0.15001,0.90067,0.94491,0.92599,0.6186,0.37614,0.39577,0.20309,0.00023275,0.00023275,0.00023275,rtdetr-l,1500,,,,
33,1548.93,0.3152,0.36446,0.13764,0.89617,0.92818,0.92103,0.61955,0.38078,0.40191,0.20624,0.000208,0.000208,0.000208,rtdetr-l,1500,,,,
34,1595.21,0.31085,0.35957,0.1419,0.89919,0.92769,0.92184,0.62309,0.38094,0.40398,0.21147,0.00018325,0.00018325,0.00018325,rtdetr-l,1500,,,,
35,1642.43,0.31009,0.36195,0.1381,0.8696,0.92769,0.89719,0.60229,0.383,0.41054,0.22123,0.0001585,0.0001585,0.0001585,rtdetr-l,1500,,,,
36,1688.63,0.30216,0.36064,0.13325,0.89312,0.92483,0.91259,0.61994,0.37983,0.40513,0.2176,0.00013375,0.00013375,0.00013375,rtdetr-l,1500,,,,
37,1734.76,0.30279,0.35666,0.12792,0.89238,0.93999,0.92143,0.6249,0.37492,0.40377,0.20858,0.000109,0.000109,0.000109,rtdetr-l,1500,,,,
38,1781.3,0.29825,0.34885,0.13067,0.90101,0.93556,0.92501,0.62808,0.3774,0.39766,0.20884,8.425e-05,8.425e-05,8.425e-05,rtdetr-l,1500,,,,
39,1827.89,0.29362,0.33817,0.12251,0.91346,0.93212,0.93427,0.63231,0.37845,0.39612,0.21037,5.95e-05,5.95e-05,5.95e-05,rtdetr-l,1500,,,,
40,1874.27,0.29018,0.33484,0.12184,0.91389,0.93443,0.92187,0.62573,0.37886,0.39795,0.21709,3.475e-05,3.475e-05,3.475e-05,rtdetr-l,1500,,,,
1,95.6029,0.80106,1.45726,0.41311,0.03976,0.52632,0.06153,0.03432,0.4091,1.6398,0.20098,0.00033156,0.00033156,0.0671755,rtdetr-l,3000,,,,
2,183.887,0.51972,1.22461,0.21922,0.13738,0.50074,0.19059,0.08238,0.38604,1.28683,0.1726,0.000648438,0.000648438,0.0341591,rtdetr-l,3000,,,,
3,269.026,0.47775,1.10327,0.21576,0.13534,0.47221,0.18979,0.09139,0.46205,1.1418,0.23453,0.000948815,0.000948815,0.00112612,rtdetr-l,3000,,,,
4,353.976,0.52112,0.86487,0.26085,0.68027,0.74274,0.73468,0.40732,0.47945,0.8254,0.25721,0.00092575,0.00092575,0.00092575,rtdetr-l,3000,,,,
5,438.544,0.55461,0.72207,0.29898,0.75523,0.67683,0.74459,0.39852,0.47495,0.69604,0.26765,0.000901,0.000901,0.000901,rtdetr-l,3000,,,,
6,523.866,0.52884,0.67754,0.2817,0.69872,0.63256,0.68755,0.38527,0.48472,0.79269,0.26593,0.00087625,0.00087625,0.00087625,rtdetr-l,3000,,,,
7,608.0,0.50318,0.64044,0.26387,0.78693,0.74324,0.79509,0.48061,0.44868,0.57894,0.24087,0.0008515,0.0008515,0.0008515,rtdetr-l,3000,,,,
8,692.728,0.50568,0.65885,0.25145,0.75759,0.67241,0.73584,0.43962,0.43711,0.71099,0.22384,0.00082675,0.00082675,0.00082675,rtdetr-l,3000,,,,
9,776.65,0.4903,0.61886,0.24434,0.73871,0.76208,0.7859,0.48619,0.43067,0.57991,0.22521,0.000802,0.000802,0.000802,rtdetr-l,3000,,,,
10,861.374,0.45641,0.61068,0.2377,0.79919,0.84407,0.8394,0.53532,0.41323,0.61327,0.21685,0.00077725,0.00077725,0.00077725,rtdetr-l,3000,,,,
11,946.057,0.45746,0.58018,0.22734,0.75946,0.85293,0.8378,0.5367,0.40305,0.51977,0.20882,0.0007525,0.0007525,0.0007525,rtdetr-l,3000,,,,
12,1030.97,0.43471,0.57503,0.22307,0.8347,0.89664,0.88631,0.56805,0.39799,0.46452,0.20651,0.00072775,0.00072775,0.00072775,rtdetr-l,3000,,,,
13,1116.71,0.4414,0.56752,0.21367,0.82016,0.87949,0.86866,0.55004,0.40953,0.48384,0.21109,0.000703,0.000703,0.000703,rtdetr-l,3000,,,,
14,1201.64,0.42418,0.58304,0.21353,0.83486,0.8908,0.86395,0.56059,0.40059,0.51909,0.21105,0.00067825,0.00067825,0.00067825,rtdetr-l,3000,,,,
15,1286.83,0.42847,0.58568,0.21108,0.75255,0.79833,0.80391,0.50436,0.42479,0.55371,0.22773,0.0006535,0.0006535,0.0006535,rtdetr-l,3000,,,,
16,1371.58,0.4332,0.57064,0.21551,0.71591,0.879,0.80369,0.51917,0.40405,0.52526,0.23521,0.00062875,0.00062875,0.00062875,rtdetr-l,3000,,,,
17,1456.34,0.43337,0.53508,0.22175,0.72266,0.85744,0.79902,0.51943,0.40074,0.50841,0.21457,0.000604,0.000604,0.000604,rtdetr-l,3000,,,,
18,1540.89,0.41431,0.54093,0.20456,0.84141,0.86642,0.88159,0.56911,0.39186,0.50419,0.20408,0.00057925,0.00057925,0.00057925,rtdetr-l,3000,,,,
19,1625.96,0.40644,0.54357,0.20304,0.74817,0.89867,0.85712,0.55664,0.39685,0.50718,0.21708,0.0005545,0.0005545,0.0005545,rtdetr-l,3000,,,,
20,1710.85,0.39449,0.5234,0.20306,0.854,0.91784,0.90237,0.59159,0.37812,0.44071,0.20117,0.00052975,0.00052975,0.00052975,rtdetr-l,3000,,,,
21,1795.64,0.39526,0.49344,0.20263,0.79282,0.91982,0.8373,0.55576,0.37537,0.4532,0.2046,0.000505,0.000505,0.000505,rtdetr-l,3000,,,,
22,1881.39,0.40326,0.50973,0.20526,0.83021,0.92966,0.88181,0.58476,0.37198,0.4715,0.19492,0.00048025,0.00048025,0.00048025,rtdetr-l,3000,,,,
23,1966.45,0.40187,0.49752,0.19852,0.85928,0.93115,0.89377,0.59155,0.37517,0.42121,0.19746,0.0004555,0.0004555,0.0004555,rtdetr-l,3000,,,,
24,2051.91,0.38952,0.49425,0.19448,0.85634,0.91884,0.88027,0.58985,0.38351,0.4224,0.19937,0.00043075,0.00043075,0.00043075,rtdetr-l,3000,,,,
25,2136.86,0.38731,0.48605,0.19744,0.90693,0.87211,0.90608,0.60929,0.3699,0.45577,0.20291,0.000406,0.000406,0.000406,rtdetr-l,3000,,,,
26,2222.14,0.37049,0.48693,0.17989,0.87271,0.93416,0.89716,0.60768,0.36514,0.43201,0.20271,0.00038125,0.00038125,0.00038125,rtdetr-l,3000,,,,
27,2306.85,0.37984,0.45439,0.19372,0.86873,0.9272,0.89373,0.59892,0.37045,0.42902,0.19478,0.0003565,0.0003565,0.0003565,rtdetr-l,3000,,,,
28,2392.08,0.37146,0.45943,0.18285,0.88421,0.93212,0.90122,0.60675,0.37888,0.407,0.1974,0.00033175,0.00033175,0.00033175,rtdetr-l,3000,,,,
29,2477.18,0.36045,0.44796,0.17474,0.89548,0.94688,0.90226,0.6094,0.36453,0.40656,0.19808,0.000307,0.000307,0.000307,rtdetr-l,3000,,,,
30,2562.12,0.37092,0.45623,0.18218,0.89364,0.94196,0.91558,0.62234,0.36645,0.39306,0.19082,0.00028225,0.00028225,0.00028225,rtdetr-l,3000,,,,
31,2648.69,0.33006,0.38377,0.15799,0.93388,0.93097,0.94153,0.64227,0.37195,0.38334,0.19877,0.0002575,0.0002575,0.0002575,rtdetr-l,3000,,,,
32,2733.54,0.31956,0.3689,0.14969,0.92991,0.93324,0.93692,0.63801,0.36726,0.38477,0.20722,0.00023275,0.00023275,0.00023275,rtdetr-l,3000,,,,
33,2819.19,0.31718,0.35309,0.15045,0.92683,0.94078,0.93805,0.64836,0.36161,0.37792,0.19972,0.000208,0.000208,0.000208,rtdetr-l,3000,,,,
34,2903.82,0.31014,0.34806,0.14281,0.92712,0.9513,0.94367,0.65566,0.35623,0.37551,0.19071,0.00018325,0.00018325,0.00018325,rtdetr-l,3000,,,,
35,2988.72,0.30602,0.34894,0.13927,0.93097,0.96016,0.94247,0.64844,0.35504,0.36719,0.20227,0.0001585,0.0001585,0.0001585,rtdetr-l,3000,,,,
36,3073.44,0.30051,0.34468,0.13649,0.93078,0.9657,0.94614,0.65787,0.3531,0.36282,0.19414,0.00013375,0.00013375,0.00013375,rtdetr-l,3000,,,,
37,3157.81,0.29479,0.33501,0.135,0.93323,0.96253,0.94913,0.65834,0.35185,0.36659,0.18935,0.000109,0.000109,0.000109,rtdetr-l,3000,,,,
38,3242.6,0.28944,0.33275,0.12947,0.92765,0.95858,0.93311,0.64767,0.35146,0.3734,0.19413,8.425e-05,8.425e-05,8.425e-05,rtdetr-l,3000,,,,
39,3327.09,0.28775,0.32715,0.124,0.93977,0.96065,0.9472,0.66138,0.34897,0.36462,0.19487,5.95e-05,5.95e-05,5.95e-05,rtdetr-l,3000,,,,
40,3412.65,0.28816,0.32812,0.12834,0.94801,0.96114,0.95685,0.66655,0.34842,0.36452,0.1914,3.475e-05,3.475e-05,3.475e-05,rtdetr-l,3000,,,,
1,36.9952,,3.49786,,0.16764,0.02312,0.02918,0.01235,,4.1726,,3e-05,3e-05,0.09703,yolo11l,50,1.70897,1.70125,1.73666,1.52066
2,50.918,,3.41198,,0.43329,0.30989,0.31482,0.16686,,2.53309,,6.82675e-05,6.82675e-05,0.0930683,yolo11l,50,2.00716,1.78548,1.54762,1.44537
3,63.1418,,2.39213,,0.00237,0.51008,0.0067,0.00193,,3.89325,,0.000104555,0.000104555,0.0891046,yolo11l,50,1.50799,1.48407,2.49306,2.56542
4,76.0446,,2.80962,,0.32305,0.2184,0.14311,0.04312,,3.48726,,0.000138863,0.000138863,0.0851389,yolo11l,50,1.77338,1.74058,2.56115,2.5998
5,91.0248,,2.16419,,0.38919,0.24643,0.19585,0.06603,,6.15155,,0.00017119,0.00017119,0.0811712,yolo11l,50,1.78675,1.61875,2.37225,2.4527
6,104.364,,2.08395,,0.34262,0.25676,0.17094,0.05486,,3.97784,,0.000201537,0.000201537,0.0772015,yolo11l,50,1.81687,1.77509,2.42946,2.49211
7,116.929,,1.7225,,0.22913,0.21545,0.12679,0.04264,,2.96145,,0.000229905,0.000229905,0.0732299,yolo11l,50,1.7489,1.6512,2.29609,2.39311
8,129.337,,2.4554,,0.37387,0.28431,0.22663,0.08301,,2.9331,,0.000256292,0.000256292,0.0692563,yolo11l,50,1.68656,1.5127,2.25624,2.43743
9,141.287,,1.77002,,0.46282,0.28529,0.26679,0.0999,,2.6811,,0.0002807,0.0002807,0.0652807,yolo11l,50,1.72627,2.00015,2.31472,2.55002
10,153.325,,1.56279,,0.27924,0.19331,0.09835,0.03108,,3.45355,,0.000303127,0.000303127,0.0613031,yolo11l,50,1.64294,1.67218,2.90295,3.06264
11,165.058,,2.00339,,0.00333,0.02607,0.00148,0.00046,,5.91984,,0.000323575,0.000323575,0.0573236,yolo11l,50,1.6979,1.66645,3.34478,4.56543
12,176.753,,1.82568,,0.01315,0.01574,0.00317,0.00153,,5.14021,,0.000342042,0.000342042,0.053342,yolo11l,50,1.68085,1.73596,2.936,3.79042
13,188.845,,1.62246,,0.01127,0.04378,0.00397,0.00119,,20.6229,,0.00035853,0.00035853,0.0493585,yolo11l,50,1.47372,1.63032,2.77467,4.10349
14,201.107,,1.61777,,0.03853,0.07378,0.01125,0.00366,,31.412,,0.000373038,0.000373038,0.045373,yolo11l,50,1.67898,1.63521,2.66569,3.93355
15,213.609,,1.67307,,0.02661,0.1215,0.01375,0.0045,,19.2183,,0.000385565,0.000385565,0.0413856,yolo11l,50,1.56576,1.64033,2.44953,4.00524
16,225.583,,1.47702,,0.02752,0.12395,0.01583,0.00531,,34.6666,,0.000396113,0.000396113,0.0373961,yolo11l,50,1.60139,1.61164,2.40919,4.20908
17,237.628,,1.36667,,0.02407,0.17068,0.02021,0.00709,,43.0713,,0.00040468,0.00040468,0.0334047,yolo11l,50,1.44491,1.5092,2.27941,3.54474
18,249.815,,1.40665,,0.07044,0.05657,0.02429,0.0097,,9.995,,0.000411267,0.000411267,0.0294113,yolo11l,50,1.42094,1.4522,2.46864,3.23565
19,262.178,,1.52859,,0.07278,0.11018,0.02734,0.01067,,5.9872,,0.000415875,0.000415875,0.0254159,yolo11l,50,1.70631,1.6413,2.66613,3.09514
20,274.18,,1.52696,,0.12426,0.20954,0.05096,0.02023,,6.1102,,0.000418503,0.000418503,0.0214185,yolo11l,50,1.53232,1.55033,2.61581,3.03436
21,286.496,,1.41135,,0.0344,0.45057,0.02657,0.00894,,29.4522,,0.00041915,0.00041915,0.0174191,yolo11l,50,1.40211,1.49971,2.48419,3.34184
22,298.856,,1.30206,,0.01659,0.1756,0.01253,0.00435,,61.2532,,0.000417818,0.000417818,0.0134178,yolo11l,50,1.61949,1.81154,2.44946,3.42832
23,311.817,,1.40538,,0.02239,0.35465,0.01505,0.00552,,49.9442,,0.000414505,0.000414505,0.0094145,yolo11l,50,1.57688,1.50635,2.36306,2.98127
24,324.31,,1.26995,,0.0469,0.29857,0.02768,0.01042,,30.1743,,0.000409213,0.000409213,0.00540921,yolo11l,50,1.52545,1.57347,2.29938,2.71367
25,336.662,,1.35984,,0.13345,0.27201,0.0736,0.02808,,12.6215,,0.00040194,0.00040194,0.00140194,yolo11l,50,1.58816,1.53821,2.28062,2.67439
26,348.674,,1.4126,,0.27518,0.35563,0.17359,0.0737,,6.14046,,0.00038125,0.00038125,0.00038125,yolo11l,50,1.26731,1.4119,2.1957,2.50421
27,360.637,,1.1183,,0.20285,0.37285,0.13935,0.05921,,5.35074,,0.0003565,0.0003565,0.0003565,yolo11l,50,1.34617,1.34626,2.14991,2.44513
28,372.87,,1.26072,,0.23272,0.41417,0.15902,0.06873,,4.3362,,0.00033175,0.00033175,0.00033175,yolo11l,50,1.40707,1.61062,2.10451,2.34464
29,384.656,,1.26126,,0.39606,0.4181,0.27802,0.12542,,3.01235,,0.000307,0.000307,0.000307,yolo11l,50,1.28043,1.42329,2.10829,2.28719
30,396.36,,1.14868,,0.6353,0.41564,0.43646,0.20274,,2.39561,,0.00028225,0.00028225,0.00028225,yolo11l,50,1.41823,1.40993,2.09912,2.23993
31,408.983,,1.13288,,0.68776,0.45106,0.47308,0.21257,,2.15858,,0.0002575,0.0002575,0.0002575,yolo11l,50,1.13922,1.41021,2.10193,2.22458
32,421.379,,1.16344,,0.71577,0.46576,0.49547,0.21661,,2.00976,,0.00023275,0.00023275,0.00023275,yolo11l,50,1.11836,1.33238,2.08488,2.22546
33,433.226,,1.109,,0.64182,0.50329,0.48784,0.21225,,1.91768,,0.000208,0.000208,0.000208,yolo11l,50,1.31841,1.40252,2.07667,2.26706
34,444.834,,0.92739,,0.58217,0.51943,0.47923,0.2101,,1.93071,,0.00018325,0.00018325,0.00018325,yolo11l,50,1.12909,1.30322,2.06088,2.31248
35,456.418,,1.01532,,0.58267,0.51894,0.48212,0.21486,,2.00376,,0.0001585,0.0001585,0.0001585,yolo11l,50,1.23805,1.31418,2.01825,2.28736
36,467.908,,0.93418,,0.57978,0.51104,0.48213,0.21955,,2.03406,,0.00013375,0.00013375,0.00013375,yolo11l,50,1.33292,1.58631,1.97301,2.21117
37,479.803,,0.97308,,0.5445,0.5214,0.48127,0.22543,,2.01692,,0.000109,0.000109,0.000109,yolo11l,50,1.05725,1.31556,1.93846,2.15379
38,491.446,,0.99154,,0.54534,0.51795,0.48862,0.23184,,1.95719,,8.425e-05,8.425e-05,8.425e-05,yolo11l,50,0.9973,1.35317,1.92285,2.12546
39,503.185,,0.78988,,0.55875,0.52508,0.51264,0.24288,,1.88413,,5.95e-05,5.95e-05,5.95e-05,yolo11l,50,1.18147,1.19678,1.91355,2.09927
40,515.1,,0.75661,,0.57911,0.52484,0.53171,0.25299,,1.83296,,3.475e-05,3.475e-05,3.475e-05,yolo11l,50,0.99434,1.18552,1.90189,2.07919
1,21.9855,,3.7567,,0.32065,0.11559,0.09716,0.05186,,3.86273,,6e-05,6e-05,0.09406,yolo11l,100,1.6445,1.66257,1.84066,1.71099
2,36.4884,,2.4251,,0.16097,0.20954,0.06677,0.02123,,3.73057,,0.000126783,0.000126783,0.0871268,yolo11l,100,1.78194,1.63423,2.57409,2.28263
3,51.3555,,2.04952,,0.21694,0.195,0.11654,0.0432,,6.1589,,0.0001901,0.0001901,0.0801901,yolo11l,100,1.77137,1.56779,2.29792,2.12713
4,65.1419,,2.10031,,0.4559,0.24496,0.24312,0.08303,,4.61744,,0.000249953,0.000249953,0.07325,yolo11l,100,1.86223,1.72222,2.2438,2.3704
5,79.2753,,1.79198,,0.08544,0.30103,0.06475,0.02331,,11.6356,,0.00030634,0.00030634,0.0663063,yolo11l,100,1.81137,1.7709,2.44578,2.85841
6,92.2357,,2.00417,,0.176,0.27103,0.157,0.06568,,13.2009,,0.000359262,0.000359262,0.0593593,yolo11l,100,1.76321,1.72697,2.31097,3.26701
7,105.342,,1.80107,,0.03836,0.19823,0.02303,0.00832,,76.6779,,0.00040872,0.00040872,0.0524087,yolo11l,100,1.77337,1.7475,2.2399,5.47768
8,118.143,,1.85934,,0.02501,0.15986,0.01235,0.00424,,105.604,,0.000454713,0.000454713,0.0454547,yolo11l,100,1.75578,1.78505,2.42524,7.89895
9,131.146,,1.85698,,0.08306,0.02459,0.01303,0.00437,,47.0215,,0.00049724,0.00049724,0.0384972,yolo11l,100,1.74824,1.77145,2.39938,5.36517
10,144.23,,1.77596,,0.01834,0.34973,0.01248,0.00477,,inf,,0.000536303,0.000536303,0.0315363,yolo11l,100,1.77889,1.71678,2.41794,2.95896
11,158.074,,1.78925,,0.00499,0.40187,0.00355,0.00145,,inf,,0.0005719,0.0005719,0.0245719,yolo11l,100,1.63397,1.65711,2.52291,2.79185
12,171.745,,1.77538,,0.0697,0.26808,0.0639,0.02088,,30.0187,,0.000604033,0.000604033,0.017604,yolo11l,100,1.73319,1.63857,2.35454,3.04378
13,184.868,,1.67309,,0.0588,0.34137,0.06165,0.01905,,32.7989,,0.0006327,0.0006327,0.0106327,yolo11l,100,1.70349,1.67035,2.27779,3.66204
14,197.831,,1.61418,,0.08166,0.35957,0.07101,0.02413,,41.5527,,0.000657903,0.000657903,0.0036579,yolo11l,100,1.62244,1.72166,2.07502,3.4568
15,211.019,,1.68589,,0.20785,0.2912,0.18693,0.07456,,13.1735,,0.0006535,0.0006535,0.0006535,yolo11l,100,1.65862,1.68634,2.08781,2.65823
16,223.792,,1.66748,,0.13509,0.28529,0.09166,0.03693,,11.4373,,0.00062875,0.00062875,0.00062875,yolo11l,100,1.55262,1.63938,2.2297,2.57281
17,236.402,,1.5379,,0.23497,0.33202,0.21717,0.09952,,12.1241,,0.000604,0.000604,0.000604,yolo11l,100,1.5106,1.55442,2.39259,2.48986
18,249.105,,1.46049,,0.53645,0.30497,0.30445,0.14325,,4.30768,,0.00057925,0.00057925,0.00057925,yolo11l,100,1.47452,1.51597,2.66007,2.5693
19,262.164,,1.30176,,0.35732,0.43237,0.31189,0.13736,,4.80656,,0.0005545,0.0005545,0.0005545,yolo11l,100,1.46664,1.46955,2.08624,2.2396
20,274.563,,1.40916,,0.71997,0.41859,0.46497,0.20579,,2.78829,,0.00052975,0.00052975,0.00052975,yolo11l,100,1.46109,1.48443,2.11616,2.26445
21,287.152,,1.52753,,0.64805,0.4786,0.50475,0.22197,,2.5844,,0.000505,0.000505,0.000505,yolo11l,100,1.55251,1.5983,2.02646,2.19666
22,299.796,,1.41666,,0.17594,0.56813,0.19026,0.08046,,5.95001,,0.00048025,0.00048025,0.00048025,yolo11l,100,1.47364,1.53896,1.85973,2.17051
23,312.475,,1.40735,,0.36874,0.51599,0.34603,0.1476,,5.21678,,0.0004555,0.0004555,0.0004555,yolo11l,100,1.47044,1.50466,1.84681,2.2393
24,325.366,,1.42195,,0.46859,0.5637,0.45309,0.21091,,3.82374,,0.00043075,0.00043075,0.00043075,yolo11l,100,1.48561,1.55388,1.80331,2.03194
25,337.757,,1.32995,,0.36987,0.56173,0.33301,0.15136,,4.05276,,0.000406,0.000406,0.000406,yolo11l,100,1.44505,1.54686,1.81517,2.01469
26,350.323,,1.28736,,0.18298,0.31429,0.18105,0.0746,,8.26252,,0.00038125,0.00038125,0.00038125,yolo11l,100,1.40481,1.49236,1.83803,2.02513
27,363.24,,1.25401,,0.42379,0.54993,0.3989,0.18101,,4.77646,,0.0003565,0.0003565,0.0003565,yolo11l,100,1.37596,1.4621,1.85607,1.98788
28,376.435,,1.27686,,0.69763,0.59694,0.63313,0.30802,,2.62903,,0.00033175,0.00033175,0.00033175,yolo11l,100,1.43785,1.50303,1.76743,1.90224
29,389.139,,1.18974,,0.6987,0.62174,0.64188,0.31114,,2.31564,,0.000307,0.000307,0.000307,yolo11l,100,1.36622,1.47343,1.76297,1.89125
30,401.765,,1.14512,,0.51204,0.63453,0.5013,0.23785,,2.4037,,0.00028225,0.00028225,0.00028225,yolo11l,100,1.29992,1.39964,1.7852,1.92021
31,415.214,,0.99986,,0.53537,0.63423,0.54787,0.26068,,2.09749,,0.0002575,0.0002575,0.0002575,yolo11l,100,1.25084,1.39355,1.78354,1.89165
32,428.311,,1.04955,,0.71839,0.61535,0.65411,0.33222,,1.62956,,0.00023275,0.00023275,0.00023275,yolo11l,100,1.28119,1.44674,1.74878,1.87216
33,440.831,,0.95128,,0.73565,0.63788,0.67825,0.34637,,1.52475,,0.000208,0.000208,0.000208,yolo11l,100,1.18575,1.36467,1.74315,1.86606
34,453.439,,0.93026,,0.77577,0.63847,0.70299,0.35976,,1.44614,,0.00018325,0.00018325,0.00018325,yolo11l,100,1.06274,1.31971,1.72097,1.83084
35,466.033,,0.8722,,0.75621,0.64692,0.7059,0.36999,,1.38562,,0.0001585,0.0001585,0.0001585,yolo11l,100,1.13999,1.33061,1.69466,1.80104
36,478.605,,0.79209,,0.76317,0.67339,0.72487,0.38029,,1.27538,,0.00013375,0.00013375,0.00013375,yolo11l,100,1.10935,1.32479,1.67796,1.78809
37,491.553,,0.78548,,0.78368,0.68427,0.73701,0.38804,,1.23659,,0.000109,0.000109,0.000109,yolo11l,100,1.02999,1.26105,1.66323,1.77315
38,504.011,,0.82948,,0.77879,0.7093,0.75095,0.39871,,1.2161,,8.425e-05,8.425e-05,8.425e-05,yolo11l,100,1.09512,1.35594,1.64811,1.74884
39,516.844,,0.80268,,0.8007,0.70733,0.76543,0.4065,,1.21171,,5.95e-05,5.95e-05,5.95e-05,yolo11l,100,1.04593,1.21851,1.64063,1.73393
40,529.334,,0.77002,,0.80841,0.71028,0.7761,0.41292,,1.19954,,3.475e-05,3.475e-05,3.475e-05,yolo11l,100,1.02286,1.22132,1.63639,1.72901
1,23.4301,,2.8944,,0.41137,0.26857,0.23582,0.07473,,3.18416,,0.00012,0.00012,0.08812,yolo11l,200,1.6776,1.61667,2.34372,2.46366
2,38.8349,,2.07864,,0.30968,0.27742,0.21487,0.08275,,3.347,,0.000243812,0.000243812,0.0752438,yolo11l,200,1.77729,1.8786,2.20354,2.50412
3,53.8687,,2.08732,,0.22802,0.30152,0.13938,0.04695,,15.8107,,0.00036119,0.00036119,0.0623612,yolo11l,200,1.79645,1.86144,2.4057,3.33551
4,68.0019,,2.02584,,0.10372,0.20413,0.04306,0.01494,,13.7797,,0.000472133,0.000472133,0.0494721,yolo11l,200,1.9508,1.95827,2.49362,3.38157
5,82.4898,,1.96663,,0.00015,0.04033,8e-05,2e-05,,inf,,0.00057664,0.00057664,0.0365766,yolo11l,200,1.79716,1.86453,4.14359,10.295
6,96.9025,,1.84889,,0.00456,0.00639,0.00115,0.00034,,89.1717,,0.000674713,0.000674713,0.0236747,yolo11l,200,1.79752,1.91324,3.29356,10.2125
7,111.585,,1.75275,,0.0002,0.05607,0.00012,3e-05,,inf,,0.00076635,0.00076635,0.0107663,yolo11l,200,1.75348,1.84236,4.26908,17.9148
8,126.531,,1.95583,,0.00046,0.12789,0.00026,7e-05,,inf,,0.00082675,0.00082675,0.00082675,yolo11l,200,1.83972,1.87806,3.43334,28.379
9,140.85,,1.7234,,0.00046,0.12297,0.00026,6e-05,,inf,,0.000802,0.000802,0.000802,yolo11l,200,1.72223,1.77436,3.74092,25.8254
10,154.773,,1.64578,,0.00347,0.52632,0.00281,0.00107,,inf,,0.00077725,0.00077725,0.00077725,yolo11l,200,1.74422,1.77568,2.54585,5.91253
11,169.244,,1.61821,,0.00828,0.57944,0.00681,0.00264,,196.376,,0.0007525,0.0007525,0.0007525,yolo11l,200,1.67416,1.80839,2.31896,3.23928
12,183.788,,1.6316,,0.35452,0.05214,0.07011,0.03075,,33.0749,,0.00072775,0.00072775,0.00072775,yolo11l,200,1.70768,1.7966,1.94126,2.41486
13,198.318,,1.47442,,0.10257,0.30349,0.13415,0.05545,,28.5694,,0.000703,0.000703,0.000703,yolo11l,200,1.55211,1.63498,1.96449,2.53947
14,213.256,,1.47193,,0.00456,0.54452,0.00364,0.00163,,inf,,0.00067825,0.00067825,0.00067825,yolo11l,200,1.5919,1.69359,2.00919,2.49715
15,228.329,,1.48587,,0.00785,0.59026,0.00667,0.00299,,inf,,0.0006535,0.0006535,0.0006535,yolo11l,200,1.54659,1.69506,1.95082,2.33243
16,242.579,,1.43405,,0.03074,0.54501,0.0242,0.01021,,36.0431,,0.00062875,0.00062875,0.00062875,yolo11l,200,1.51743,1.64779,1.89304,2.19787
17,256.692,,1.42717,,0.19512,0.36399,0.20086,0.0886,,6.72564,,0.000604,0.000604,0.000604,yolo11l,200,1.53592,1.66143,1.92232,2.13347
18,270.829,,1.39416,,0.58606,0.51845,0.50251,0.24194,,4.36615,,0.00057925,0.00057925,0.00057925,yolo11l,200,1.4449,1.63387,1.87453,2.08452
19,284.627,,1.16531,,0.48307,0.5032,0.44936,0.20945,,3.42904,,0.0005545,0.0005545,0.0005545,yolo11l,200,1.40683,1.52894,1.78782,2.02743
20,298.677,,1.28476,,0.44614,0.50834,0.41118,0.1969,,3.69662,,0.00052975,0.00052975,0.00052975,yolo11l,200,1.46866,1.60476,1.81648,2.03994
21,312.229,,1.32091,,0.54425,0.49828,0.51208,0.24824,,2.12987,,0.000505,0.000505,0.000505,yolo11l,200,1.46152,1.58764,1.84361,1.97296
22,325.897,,1.1965,,0.6425,0.57403,0.62226,0.30044,,1.94379,,0.00048025,0.00048025,0.00048025,yolo11l,200,1.39458,1.4963,1.84396,1.98444
23,339.524,,1.27302,,0.69224,0.64584,0.65052,0.32941,,1.48591,,0.0004555,0.0004555,0.0004555,yolo11l,200,1.46858,1.60722,1.74321,1.90498
24,353.607,,1.29077,,0.70735,0.62536,0.67561,0.34374,,1.47255,,0.00043075,0.00043075,0.00043075,yolo11l,200,1.52399,1.60025,1.78489,1.93263
25,367.399,,1.19958,,0.65308,0.61977,0.61874,0.32098,,1.90964,,0.000406,0.000406,0.000406,yolo11l,200,1.3942,1.56167,1.73835,1.91697
26,381.077,,1.14217,,0.65587,0.64781,0.61711,0.31053,,2.05789,,0.00038125,0.00038125,0.00038125,yolo11l,200,1.33423,1.53871,1.74919,1.91332
27,394.834,,1.10581,,0.72784,0.63355,0.68278,0.34774,,1.50091,,0.0003565,0.0003565,0.0003565,yolo11l,200,1.30815,1.44912,1.72498,1.86863
28,409.079,,1.17835,,0.76837,0.64634,0.71681,0.36994,,1.31973,,0.00033175,0.00033175,0.00033175,yolo11l,200,1.37596,1.49731,1.70137,1.82583
29,422.574,,1.11136,,0.73732,0.68913,0.72306,0.36701,,1.30816,,0.000307,0.000307,0.000307,yolo11l,200,1.3386,1.52422,1.73258,1.84009
30,436.101,,1.08298,,0.7463,0.7061,0.73935,0.37024,,1.29085,,0.00028225,0.00028225,0.00028225,yolo11l,200,1.37772,1.51076,1.73541,1.84433
31,450.616,,0.91537,,0.76552,0.70044,0.75785,0.38955,,1.21122,,0.0002575,0.0002575,0.0002575,yolo11l,200,1.20694,1.41015,1.71146,1.81904
32,464.846,,0.86003,,0.81152,0.68619,0.76875,0.40264,,1.21781,,0.00023275,0.00023275,0.00023275,yolo11l,200,1.18768,1.42365,1.67663,1.7899
33,478.397,,0.8051,,0.77806,0.69322,0.75683,0.40209,,1.25463,,0.000208,0.000208,0.000208,yolo11l,200,1.14321,1.3534,1.65616,1.78507
34,491.902,,0.81878,,0.79618,0.70327,0.76653,0.4152,,1.23377,,0.00018325,0.00018325,0.00018325,yolo11l,200,1.15528,1.41485,1.62669,1.77169
35,505.718,,0.8504,,0.82971,0.68962,0.77787,0.4189,,1.17516,,0.0001585,0.0001585,0.0001585,yolo11l,200,1.17553,1.4358,1.63368,1.77885
36,519.328,,0.75882,,0.80736,0.7275,0.78805,0.43614,,1.13445,,0.00013375,0.00013375,0.00013375,yolo11l,200,1.08892,1.33569,1.59104,1.74095
37,533.4,,0.74058,,0.81408,0.73733,0.79172,0.43697,,1.1268,,0.000109,0.000109,0.000109,yolo11l,200,1.0479,1.31059,1.60856,1.74329
38,546.905,,0.73727,,0.83062,0.74816,0.79818,0.43956,,1.11346,,8.425e-05,8.425e-05,8.425e-05,yolo11l,200,1.08018,1.32823,1.61609,1.74264
39,560.525,,0.6984,,0.83776,0.74914,0.80448,0.44725,,1.08817,,5.95e-05,5.95e-05,5.95e-05,yolo11l,200,1.05777,1.32352,1.59698,1.7205
40,574.037,,0.69121,,0.82616,0.75061,0.80468,0.45393,,1.07062,,3.475e-05,3.475e-05,3.475e-05,yolo11l,200,1.03875,1.29397,1.58357,1.70689
1,41.7685,,2.66338,,0.02973,0.37777,0.01938,0.00626,,15.0134,,0.00031,0.00031,0.06931,yolo11l,500,1.77942,1.75956,2.31383,2.71111
2,59.8563,,2.0961,,0.0056,0.13576,0.00253,0.00085,,101.854,,0.000614408,0.000614408,0.0376144,yolo11l,500,1.95201,1.95928,3.17475,6.92106
3,78.6961,,2.19252,,0.00498,0.43532,0.00381,0.0013,,inf,,0.000902975,0.000902975,0.00590297,yolo11l,500,1.97296,1.92845,2.5776,11.5249
4,95.8688,,2.1096,,0.06557,0.0969,0.02303,0.00816,,17.7047,,0.00092575,0.00092575,0.00092575,yolo11l,500,1.96255,2.00748,3.08408,4.13705
5,113.516,,1.89654,,0.09618,0.08608,0.02564,0.01002,,7.08973,,0.000901,0.000901,0.000901,yolo11l,500,1.83387,1.89644,2.9099,3.00689
6,131.095,,1.82833,,0.16573,0.32759,0.18386,0.07747,,24.0081,,0.00087625,0.00087625,0.00087625,yolo11l,500,1.82384,1.88481,2.03995,2.29324
7,148.095,,1.796,,0.37669,0.20413,0.16763,0.07087,,,,0.0008515,0.0008515,0.0008515,yolo11l,500,1.79292,1.83397,,
8,165.279,,1.77295,,0.10682,0.0846,0.03282,0.01627,,7.01936,,0.00082675,0.00082675,0.00082675,yolo11l,500,1.77077,1.8451,3.40328,4.31712
9,182.27,,1.79537,,0.58095,0.4668,0.46292,0.21362,,2.07375,,0.000802,0.000802,0.000802,yolo11l,500,1.76438,1.78917,2.00253,2.12004
10,199.472,,1.71626,,0.57213,0.51008,0.54318,0.25138,,2.12626,,0.00077725,0.00077725,0.00077725,yolo11l,500,1.72274,1.7559,1.87536,1.98868
11,216.552,,1.6043,,0.47957,0.41972,0.40802,0.19128,,3.62983,,0.0007525,0.0007525,0.0007525,yolo11l,500,1.69534,1.73113,1.90213,2.10262
12,233.543,,1.60141,,0.44409,0.46778,0.43872,0.21554,,2.71913,,0.00072775,0.00072775,0.00072775,yolo11l,500,1.74397,1.73603,1.76337,1.86787
13,250.292,,1.51601,,0.65581,0.51992,0.5734,0.30643,,1.63676,,0.000703,0.000703,0.000703,yolo11l,500,1.61913,1.67611,1.72531,1.79542
14,267.07,,1.51704,,0.5541,0.55829,0.56758,0.28802,,1.98466,,0.00067825,0.00067825,0.00067825,yolo11l,500,1.59989,1.67327,1.66985,1.72371
15,283.861,,1.50208,,0.63063,0.62027,0.63042,0.31744,,1.69622,,0.0006535,0.0006535,0.0006535,yolo11l,500,1.59331,1.66774,1.62021,1.72069
16,300.785,,1.41681,,0.61401,0.61977,0.65087,0.33301,,1.49479,,0.00062875,0.00062875,0.00062875,yolo11l,500,1.51654,1.59446,1.73436,1.87319
17,317.788,,1.39178,,0.63957,0.65716,0.68571,0.37152,,1.36005,,0.000604,0.000604,0.000604,yolo11l,500,1.54538,1.62102,1.61538,1.68026
18,334.816,,1.34351,,0.7437,0.66797,0.72931,0.38609,,1.31153,,0.00057925,0.00057925,0.00057925,yolo11l,500,1.44568,1.54197,1.64781,1.71271
19,351.892,,1.33639,,0.71189,0.66109,0.71699,0.38519,,1.35894,,0.0005545,0.0005545,0.0005545,yolo11l,500,1.51628,1.60376,1.59974,1.70544
20,368.533,,1.31076,,0.7605,0.66699,0.74243,0.39443,,1.25186,,0.00052975,0.00052975,0.00052975,yolo11l,500,1.4719,1.57531,1.62819,1.71111
21,385.323,,1.28881,,0.7419,0.60939,0.69099,0.37015,,1.34212,,0.000505,0.000505,0.000505,yolo11l,500,1.45986,1.55213,1.6553,1.76978
22,402.163,,1.30112,,0.76866,0.71176,0.76266,0.40789,,1.23679,,0.00048025,0.00048025,0.00048025,yolo11l,500,1.44305,1.52939,1.606,1.70006
23,418.934,,1.23543,,0.78237,0.70732,0.77853,0.42704,,1.14707,,0.0004555,0.0004555,0.0004555,yolo11l,500,1.43633,1.53422,1.56889,1.67033
24,435.665,,1.22525,,0.81151,0.75812,0.81206,0.44762,,1.13255,,0.00043075,0.00043075,0.00043075,yolo11l,500,1.43249,1.55787,1.52247,1.62141
25,452.445,,1.22669,,0.7526,0.72272,0.77145,0.4129,,1.1545,,0.000406,0.000406,0.000406,yolo11l,500,1.48169,1.5625,1.6244,1.69366
26,469.137,,1.1533,,0.83017,0.74225,0.81373,0.45803,,1.09516,,0.00038125,0.00038125,0.00038125,yolo11l,500,1.35414,1.48416,1.51492,1.62064
27,485.867,,1.09444,,0.79366,0.71569,0.79218,0.43976,,1.10639,,0.0003565,0.0003565,0.0003565,yolo11l,500,1.32766,1.44618,1.56639,1.64866
28,502.469,,1.1022,,0.77775,0.7516,0.8061,0.44337,,1.0839,,0.00033175,0.00033175,0.00033175,yolo11l,500,1.34771,1.45787,1.59331,1.70517
29,519.099,,1.12476,,0.83066,0.7939,0.84104,0.4843,,0.98907,,0.000307,0.000307,0.000307,yolo11l,500,1.34857,1.50991,1.47975,1.59363
30,535.834,,1.07928,,0.81753,0.77865,0.83928,0.47921,,0.99262,,0.00028225,0.00028225,0.00028225,yolo11l,500,1.32492,1.46414,1.4913,1.59125
31,553.451,,0.89425,,0.8642,0.77003,0.84539,0.47911,,1.04159,,0.0002575,0.0002575,0.0002575,yolo11l,500,1.27576,1.39598,1.49375,1.59611
32,570.245,,0.87218,,0.83463,0.82672,0.86442,0.50757,,0.91566,,0.00023275,0.00023275,0.00023275,yolo11l,500,1.23425,1.38877,1.44234,1.55907
33,586.909,,0.84033,,0.8832,0.80341,0.87426,0.51217,,0.92685,,0.000208,0.000208,0.000208,yolo11l,500,1.24236,1.38485,1.44946,1.56835
34,603.649,,0.7844,,0.8474,0.82391,0.86699,0.51253,,0.89999,,0.00018325,0.00018325,0.00018325,yolo11l,500,1.1756,1.35315,1.42812,1.5585
35,620.468,,0.76459,,0.86153,0.83549,0.88496,0.52503,,0.87253,,0.0001585,0.0001585,0.0001585,yolo11l,500,1.19253,1.35545,1.41285,1.54473
36,637.275,,0.74853,,0.87687,0.83374,0.88682,0.52886,,0.86945,,0.00013375,0.00013375,0.00013375,yolo11l,500,1.16305,1.33248,1.41205,1.54494
37,654.017,,0.7377,,0.86605,0.84211,0.88898,0.53047,,0.86507,,0.000109,0.000109,0.000109,yolo11l,500,1.14567,1.31156,1.4196,1.55114
38,670.682,,0.72142,,0.86371,0.8385,0.88854,0.53354,,0.8525,,8.425e-05,8.425e-05,8.425e-05,yolo11l,500,1.0958,1.3022,1.40448,1.55658
39,687.395,,0.69733,,0.85871,0.86096,0.89262,0.53971,,0.82207,,5.95e-05,5.95e-05,5.95e-05,yolo11l,500,1.08358,1.27772,1.39893,1.54909
40,704.093,,0.69317,,0.87042,0.85686,0.89271,0.53907,,0.82737,,3.475e-05,3.475e-05,3.475e-05,yolo11l,500,1.0625,1.28183,1.39696,1.5382
1,40.3028,,1.89478,,0.16703,0.35121,0.16684,0.0701,,12.1363,,0.000329787,0.000329787,0.0673511,yolo11l,1500,1.6785,1.70783,1.94801,2.56922
2,70.8465,,1.80564,,0.0551,0.17954,0.02259,0.00771,,48.5873,,0.000646708,0.000646708,0.0343347,yolo11l,1500,1.77798,1.80371,2.27168,4.05137
3,100.062,,1.72115,,0.37044,0.39105,0.31313,0.13178,,3.75887,,0.000947129,0.000947129,0.00130174,yolo11l,1500,1.76801,1.75862,2.06711,2.31755
4,129.224,,1.73438,,0.48967,0.48893,0.46085,0.21064,,2.8479,,0.00092575,0.00092575,0.00092575,yolo11l,1500,1.76383,1.78587,1.91146,2.03751
5,158.433,,1.6567,,0.65756,0.44811,0.50987,0.23492,,2.35226,,0.000901,0.000901,0.000901,yolo11l,1500,1.71103,1.76486,1.8738,1.92344
6,187.889,,1.61001,,0.42884,0.39351,0.37791,0.19035,,3.00339,,0.00087625,0.00087625,0.00087625,yolo11l,1500,1.6801,1.70636,1.88574,2.02349
7,216.895,,1.56699,,0.66383,0.56124,0.65229,0.33821,,1.52883,,0.0008515,0.0008515,0.0008515,yolo11l,1500,1.63853,1.66335,1.7028,1.76622
8,246.042,,1.47856,,0.67942,0.62026,0.62219,0.30642,,1.65906,,0.00082675,0.00082675,0.00082675,yolo11l,1500,1.59384,1.63884,1.67867,1.74902
9,275.108,,1.42918,,0.66141,0.59518,0.67089,0.36098,,1.6253,,0.000802,0.000802,0.000802,yolo11l,1500,1.57008,1.64252,1.67481,1.73987
10,304.035,,1.38893,,0.65057,0.65296,0.66467,0.31942,,1.52306,,0.00077725,0.00077725,0.00077725,yolo11l,1500,1.55616,1.59749,1.73546,1.81129
11,333.042,,1.39921,,0.75325,0.69946,0.74517,0.40476,,1.23236,,0.0007525,0.0007525,0.0007525,yolo11l,1500,1.5208,1.62123,1.5847,1.65464
12,361.982,,1.24311,,0.76444,0.71352,0.77876,0.41746,,1.21447,,0.00072775,0.00072775,0.00072775,yolo11l,1500,1.47531,1.54901,1.5992,1.66607
13,391.094,,1.27694,,0.81827,0.74619,0.80563,0.44036,,1.11899,,0.000703,0.000703,0.000703,yolo11l,1500,1.50009,1.57821,1.58499,1.6376
14,420.437,,1.25033,,0.67627,0.79046,0.77091,0.43974,,1.12827,,0.00067825,0.00067825,0.00067825,yolo11l,1500,1.45663,1.54086,1.46563,1.53877
15,449.479,,1.17341,,0.79478,0.78674,0.81881,0.47264,,1.02174,,0.0006535,0.0006535,0.0006535,yolo11l,1500,1.40454,1.49281,1.46882,1.53442
16,478.787,,1.13672,,0.80021,0.80775,0.84863,0.47828,,0.98363,,0.00062875,0.00062875,0.00062875,yolo11l,1500,1.42861,1.51674,1.49217,1.56488
17,508.107,,1.09697,,0.83079,0.80374,0.87447,0.50016,,0.94191,,0.000604,0.000604,0.000604,yolo11l,1500,1.37784,1.49235,1.49404,1.55535
18,537.3,,1.12475,,0.83888,0.77344,0.83616,0.49169,,1.00173,,0.00057925,0.00057925,0.00057925,yolo11l,1500,1.38406,1.50403,1.43459,1.53427
19,566.559,,1.09801,,0.88951,0.818,0.88131,0.52669,,0.89459,,0.0005545,0.0005545,0.0005545,yolo11l,1500,1.39605,1.50158,1.39571,1.49948
20,595.373,,1.05621,,0.76223,0.84899,0.8631,0.5099,,0.90573,,0.00052975,0.00052975,0.00052975,yolo11l,1500,1.35977,1.48031,1.42216,1.503
21,624.526,,1.057,,0.85151,0.81899,0.87546,0.52944,,0.87911,,0.000505,0.000505,0.000505,yolo11l,1500,1.34537,1.46657,1.39254,1.48147
22,653.672,,1.01937,,0.86151,0.83571,0.88879,0.53339,,0.83234,,0.00048025,0.00048025,0.00048025,yolo11l,1500,1.29877,1.44294,1.38149,1.47949
23,682.99,,1.01305,,0.88656,0.81505,0.88704,0.52765,,0.85429,,0.0004555,0.0004555,0.0004555,yolo11l,1500,1.30089,1.44097,1.39502,1.48473
24,711.78,,0.96331,,0.86685,0.85183,0.89279,0.53612,,0.83944,,0.00043075,0.00043075,0.00043075,yolo11l,1500,1.28887,1.4294,1.3913,1.47396
25,740.766,,0.93888,,0.8716,0.85475,0.89692,0.54935,,0.78652,,0.000406,0.000406,0.000406,yolo11l,1500,1.26048,1.40893,1.37997,1.47703
26,770.179,,0.94594,,0.88438,0.84604,0.90318,0.55487,,0.78138,,0.00038125,0.00038125,0.00038125,yolo11l,1500,1.27693,1.40883,1.36437,1.45215
27,799.743,,0.8749,,0.88274,0.87762,0.91458,0.5619,,0.75324,,0.0003565,0.0003565,0.0003565,yolo11l,1500,1.24081,1.37622,1.35481,1.44918
28,829.206,,0.90073,,0.86419,0.86701,0.90352,0.55847,,0.77376,,0.00033175,0.00033175,0.00033175,yolo11l,1500,1.21923,1.37954,1.34808,1.4404
29,858.949,,0.86125,,0.87319,0.88392,0.9111,0.56748,,0.74669,,0.000307,0.000307,0.000307,yolo11l,1500,1.22942,1.3617,1.32608,1.42452
30,888.475,,0.86918,,0.89931,0.8699,0.91448,0.56563,,0.73475,,0.00028225,0.00028225,0.00028225,yolo11l,1500,1.22433,1.3798,1.35086,1.4436
31,918.924,,0.69574,,0.8912,0.8824,0.92336,0.57363,,0.73516,,0.0002575,0.0002575,0.0002575,yolo11l,1500,1.17127,1.35667,1.32691,1.42448
32,948.888,,0.66504,,0.90766,0.89867,0.93429,0.59002,,0.6977,,0.00023275,0.00023275,0.00023275,yolo11l,1500,1.15557,1.34091,1.299,1.40395
33,978.482,,0.62006,,0.90888,0.89295,0.93485,0.59849,,0.67647,,0.000208,0.000208,0.000208,yolo11l,1500,1.14336,1.32071,1.30311,1.41143
34,1007.56,,0.61147,,0.91844,0.90507,0.93578,0.60455,,0.65976,,0.00018325,0.00018325,0.00018325,yolo11l,1500,1.12139,1.31535,1.28769,1.39673
35,1036.62,,0.59602,,0.90164,0.90632,0.93435,0.60659,,0.66062,,0.0001585,0.0001585,0.0001585,yolo11l,1500,1.10487,1.2971,1.27022,1.40039
36,1065.54,,0.579,,0.9002,0.89628,0.93342,0.5969,,0.66633,,0.00013375,0.00013375,0.00013375,yolo11l,1500,1.08496,1.28679,1.29528,1.41617
37,1094.4,,0.57318,,0.9067,0.91786,0.93292,0.60506,,0.64294,,0.000109,0.000109,0.000109,yolo11l,1500,1.0718,1.26506,1.26976,1.39365
38,1123.02,,0.56193,,0.91395,0.91429,0.94062,0.61811,,0.62676,,8.425e-05,8.425e-05,8.425e-05,yolo11l,1500,1.04511,1.27465,1.26218,1.38578
39,1152.0,,0.55081,,0.91424,0.9124,0.94188,0.61747,,0.62775,,5.95e-05,5.95e-05,5.95e-05,yolo11l,1500,1.04378,1.24018,1.25057,1.37765
40,1180.6,,0.53295,,0.92104,0.91736,0.94171,0.61999,,0.61479,,3.475e-05,3.475e-05,3.475e-05,yolo11l,1500,1.0166,1.23231,1.24889,1.37178
1,60.9596,,1.67447,,0.20932,0.20659,0.13346,0.05941,,4.2572,,0.00033156,0.00033156,0.0671755,yolo11l,3000,1.63221,1.6631,2.11304,2.36984
2,109.882,,1.6174,,0.2967,0.28726,0.18695,0.08665,,5.61467,,0.000648438,0.000648438,0.0341591,yolo11l,3000,1.6937,1.72043,2.19799,2.55491
3,157.784,,1.64603,,0.49672,0.45295,0.46096,0.22414,,3.4786,,0.000948815,0.000948815,0.00112612,yolo11l,3000,1.70569,1.72575,1.84681,1.9716
4,204.855,,1.58537,,0.42766,0.59961,0.45025,0.22335,,2.519,,0.00092575,0.00092575,0.00092575,yolo11l,3000,1.6656,1.69484,1.71545,1.80652
5,251.818,,1.47568,,0.50356,0.61781,0.54822,0.282,,1.70644,,0.000901,0.000901,0.000901,yolo11l,3000,1.59626,1.65752,1.70497,1.69802
6,298.719,,1.35788,,0.80011,0.71864,0.79636,0.42697,,1.18521,,0.00087625,0.00087625,0.00087625,yolo11l,3000,1.53831,1.61242,1.5809,1.64666
7,345.754,,1.31106,,0.76766,0.7757,0.79818,0.43605,,1.06419,,0.0008515,0.0008515,0.0008515,yolo11l,3000,1.5241,1.5683,1.5617,1.60942
8,392.599,,1.21221,,0.81266,0.7639,0.82082,0.46104,,1.0386,,0.00082675,0.00082675,0.00082675,yolo11l,3000,1.47937,1.55092,1.51567,1.60756
9,439.654,,1.2251,,0.77134,0.68363,0.76903,0.42031,,1.13431,,0.000802,0.000802,0.000802,yolo11l,3000,1.47638,1.54975,1.6088,1.7051
10,486.535,,1.14952,,0.79688,0.81997,0.83663,0.47257,,0.98413,,0.00077725,0.00077725,0.00077725,yolo11l,3000,1.44584,1.53151,1.49943,1.54845
11,533.254,,1.12007,,0.84699,0.82636,0.88259,0.52803,,0.89376,,0.0007525,0.0007525,0.0007525,yolo11l,3000,1.4145,1.50814,1.39844,1.49613
12,580.159,,1.06421,,0.82766,0.84568,0.88079,0.51919,,0.89495,,0.00072775,0.00072775,0.00072775,yolo11l,3000,1.3917,1.49419,1.40541,1.51677
13,626.864,,1.05766,,0.83861,0.81112,0.85352,0.5128,,0.92378,,0.000703,0.000703,0.000703,yolo11l,3000,1.35026,1.46007,1.41631,1.49617
14,673.932,,1.02032,,0.81799,0.8312,0.86316,0.51352,,0.90983,,0.00067825,0.00067825,0.00067825,yolo11l,3000,1.35673,1.47185,1.38192,1.48772
15,720.777,,1.00219,,0.87991,0.85047,0.90543,0.56069,,0.7932,,0.0006535,0.0006535,0.0006535,yolo11l,3000,1.33326,1.45871,1.36976,1.456
16,767.85,,0.97236,,0.86117,0.86867,0.89309,0.55033,,0.7965,,0.00062875,0.00062875,0.00062875,yolo11l,3000,1.32667,1.44572,1.33175,1.42833
17,814.376,,0.93888,,0.87975,0.84572,0.90022,0.5565,,0.77894,,0.000604,0.000604,0.000604,yolo11l,3000,1.29854,1.42932,1.34627,1.43759
18,861.042,,0.92619,,0.87429,0.85866,0.90346,0.54502,,0.78791,,0.00057925,0.00057925,0.00057925,yolo11l,3000,1.27403,1.41339,1.35939,1.46477
19,907.618,,0.91449,,0.87293,0.90162,0.91853,0.57761,,0.72544,,0.0005545,0.0005545,0.0005545,yolo11l,3000,1.27136,1.41588,1.31931,1.42885
20,954.521,,0.87015,,0.89587,0.90137,0.9285,0.5828,,0.69483,,0.00052975,0.00052975,0.00052975,yolo11l,3000,1.2512,1.40396,1.31821,1.39349
21,1001.18,,0.86441,,0.90905,0.8785,0.92193,0.58068,,0.71977,,0.000505,0.000505,0.000505,yolo11l,3000,1.22765,1.38051,1.33003,1.43781
22,1047.69,,0.87624,,0.90602,0.90573,0.93252,0.59152,,0.70349,,0.00048025,0.00048025,0.00048025,yolo11l,3000,1.24065,1.40117,1.27379,1.39147
23,1094.59,,0.84652,,0.90536,0.91284,0.93274,0.59326,,0.6635,,0.0004555,0.0004555,0.0004555,yolo11l,3000,1.24919,1.38959,1.26861,1.37566
24,1141.31,,0.83324,,0.91577,0.89769,0.93524,0.5974,,0.66822,,0.00043075,0.00043075,0.00043075,yolo11l,3000,1.21124,1.36391,1.27849,1.39522
25,1188.03,,0.83358,,0.87926,0.90212,0.92322,0.59408,,0.68229,,0.000406,0.000406,0.000406,yolo11l,3000,1.20502,1.36376,1.25556,1.37429
26,1234.7,,0.78524,,0.89208,0.92081,0.9355,0.61292,,0.64809,,0.00038125,0.00038125,0.00038125,yolo11l,3000,1.19168,1.35122,1.24754,1.3685
27,1281.62,,0.78614,,0.90736,0.90573,0.93744,0.61313,,0.63747,,0.0003565,0.0003565,0.0003565,yolo11l,3000,1.1817,1.35154,1.22663,1.35559
28,1328.23,,0.77455,,0.91641,0.90999,0.9411,0.62075,,0.62587,,0.00033175,0.00033175,0.00033175,yolo11l,3000,1.15447,1.33453,1.22031,1.35071
29,1374.92,,0.74405,,0.91966,0.92179,0.94282,0.62029,,0.60952,,0.000307,0.000307,0.000307,yolo11l,3000,1.14729,1.32871,1.22526,1.35426
30,1421.72,,0.7488,,0.92319,0.9154,0.94682,0.61847,,0.61048,,0.00028225,0.00028225,0.00028225,yolo11l,3000,1.15532,1.34036,1.24006,1.36301
31,1469.28,,0.59163,,0.91441,0.92425,0.94694,0.63308,,0.59356,,0.0002575,0.0002575,0.0002575,yolo11l,3000,1.10885,1.29638,1.19953,1.32366
32,1516.18,,0.55269,,0.93168,0.92565,0.94931,0.6346,,0.59051,,0.00023275,0.00023275,0.00023275,yolo11l,3000,1.07459,1.28083,1.18987,1.33335
33,1562.56,,0.54325,,0.92595,0.92873,0.95224,0.64569,,0.57374,,0.000208,0.000208,0.000208,yolo11l,3000,1.05471,1.25611,1.17562,1.32534
34,1609.11,,0.52055,,0.93049,0.935,0.95884,0.64524,,0.57108,,0.00018325,0.00018325,0.00018325,yolo11l,3000,1.04116,1.25075,1.18698,1.32242
35,1656.05,,0.51927,,0.93712,0.93458,0.95847,0.65266,,0.5575,,0.0001585,0.0001585,0.0001585,yolo11l,3000,1.02751,1.24182,1.16914,1.32257
36,1702.61,,0.49713,,0.93716,0.93894,0.9609,0.65241,,0.5464,,0.00013375,0.00013375,0.00013375,yolo11l,3000,0.99836,1.21716,1.1731,1.31127
37,1750.94,,0.49127,,0.94485,0.94097,0.96104,0.6597,,0.53716,,0.000109,0.000109,0.000109,yolo11l,3000,0.98312,1.21658,1.15756,1.29872
38,1799.24,,0.48922,,0.93027,0.93843,0.95953,0.6577,,0.53529,,8.425e-05,8.425e-05,8.425e-05,yolo11l,3000,0.98984,1.21765,1.14423,1.30052
39,1847.58,,0.47459,,0.94022,0.94097,0.96477,0.66814,,0.52294,,5.95e-05,5.95e-05,5.95e-05,yolo11l,3000,0.96251,1.19638,1.13576,1.28654
40,1896.11,,0.46531,,0.93879,0.94295,0.9626,0.66366,,0.52206,,3.475e-05,3.475e-05,3.475e-05,yolo11l,3000,0.95814,1.19101,1.14098,1.29105
